,g_mean,g_sigma,g_k
Ch2,,,
Sigma,2.046,0.4685,522.6
Tau,47.09,7.556,7367
Scale,0.8994,0.04746,50.58
Ch1,,,
Sigma,1.838,0.5918,2016
Tau,48.1,6.552, 22620
Scale,0.8902,0.03633,134.3
Ch0,,,
Sigma,1.799,0.328,2183
Tau,47.48,6.434,4.109e+04
Scale,0.8945,0.03889,265.5